index,algorithm,time,cpu,matrix_size
0,Homemade,0.0383450984954834,,84
1,Numpy,0.0004036426544189453,,84
2,Homemade,0.014748573303222656,,51
3,Numpy,0.0001373291015625,,51
4,Homemade,0.04396176338195801,,74
5,Numpy,0.0014102458953857422,,74
6,Homemade,0.019479036331176758,,56
7,Numpy,0.0001773834228515625,,56
8,Homemade,0.01717686653137207,,54
9,Numpy,0.0001239776611328125,,54
10,Homemade,9.5367431640625e-06,,2
11,Numpy,2.4080276489257812e-05,,2
12,Homemade,0.005845069885253906,,37
13,Numpy,9.226799011230469e-05,,37
14,Homemade,0.0037360191345214844,,32
15,Numpy,7.009506225585938e-05,,32
16,Homemade,0.10775327682495117,,100
17,Numpy,0.00029969215393066406,,100
18,Homemade,1.0013580322265625e-05,,2
19,Numpy,2.9087066650390625e-05,,2
20,Homemade,0.07311582565307617,,88
21,Numpy,0.0002467632293701172,,88
22,Homemade,0.0389406681060791,,70
23,Numpy,0.05754590034484863,,70
24,Homemade,0.09153461456298828,,95
25,Numpy,0.008833646774291992,,95
26,Homemade,0.0018434524536132812,,25
27,Numpy,0.0766599178314209,,25
28,Homemade,0.09652423858642578,,96
29,Numpy,0.0005884170532226562,,96
30,Homemade,0.010157108306884766,,45
31,Numpy,0.0007390975952148438,,45
32,Homemade,0.024648189544677734,,61
33,Numpy,0.0011892318725585938,,61
34,Homemade,0.05625605583190918,,77
35,Numpy,0.03651690483093262,,77
36,Homemade,0.1034691333770752,,98
37,Numpy,0.0004372596740722656,,98
38,Homemade,0.004485368728637695,,34
39,Numpy,8.106231689453125e-05,,34
40,Homemade,0.015416383743286133,,52
41,Numpy,0.00010752677917480469,,52
42,Homemade,0.07972979545593262,,82
43,Numpy,0.00023317337036132812,,82
44,Homemade,0.09857702255249023,,98
45,Numpy,0.0052642822265625,,98
46,Homemade,0.045566558837890625,,63
47,Numpy,0.009203672409057617,,63
48,Homemade,0.04667782783508301,,73
49,Numpy,0.0211031436920166,,73
50,Homemade,0.06545281410217285,,84
51,Numpy,0.017797470092773438,,84
52,Homemade,0.0008392333984375,,19
53,Numpy,0.01761484146118164,,19
54,Homemade,0.016385316848754883,,53
55,Numpy,0.00015735626220703125,,53
56,Homemade,0.019315481185913086,,56
57,Numpy,0.00013327598571777344,,56
58,Homemade,0.0021698474884033203,,26
59,Numpy,0.039812326431274414,,26
60,Homemade,0.0007290840148925781,,18
61,Numpy,0.0001659393310546875,,18
62,Homemade,0.1156303882598877,,97
63,Numpy,0.0002532005310058594,,97
64,Homemade,0.025861263275146484,,62
65,Numpy,0.00015544891357421875,,62
66,Homemade,0.08248662948608398,,91
67,Numpy,0.0002529621124267578,,91
68,Homemade,0.019664287567138672,,55
69,Numpy,0.003888845443725586,,55
70,Homemade,9.179115295410156e-05,,8
71,Numpy,9.942054748535156e-05,,8
72,Homemade,4.410743713378906e-05,,6
73,Numpy,0.007367610931396484,,6
74,Homemade,0.0032143592834472656,,30
75,Numpy,0.0001544952392578125,,30
76,Homemade,0.020856618881225586,,57
77,Numpy,0.00012230873107910156,,57
78,Homemade,0.00043892860412597656,,15
79,Numpy,4.315376281738281e-05,,15
80,Homemade,0.019509315490722656,,56
81,Numpy,0.00011396408081054688,,56
82,Homemade,0.025187253952026367,,59
83,Numpy,0.02198481559753418,,59
84,Homemade,0.0888826847076416,,94
85,Numpy,0.0002357959747314453,,94
86,Homemade,2.2411346435546875e-05,,4
87,Numpy,2.8848648071289062e-05,,4
88,Homemade,0.12677812576293945,,98
89,Numpy,0.0002675056457519531,,98
90,Homemade,0.004431962966918945,,34
91,Numpy,8.869171142578125e-05,,34
92,Homemade,1.0251998901367188e-05,,2
93,Numpy,2.4557113647460938e-05,,2
94,Homemade,6.175041198730469e-05,,7
95,Numpy,2.6226043701171875e-05,,7
96,Homemade,0.03141593933105469,,65
97,Numpy,0.023456335067749023,,65
98,Homemade,0.0061914920806884766,,38
99,Numpy,0.00011706352233886719,,38
100,Homemade,0.04218649864196777,,74
101,Numpy,0.021318674087524414,,74
102,Homemade,0.035950660705566406,,69
103,Numpy,0.0002071857452392578,,69
104,Homemade,0.08362293243408203,,91
105,Numpy,0.0002472400665283203,,91
106,Homemade,0.0003643035888671875,,14
107,Numpy,4.76837158203125e-05,,14
108,Homemade,0.0003113746643066406,,13
109,Numpy,3.9577484130859375e-05,,13
110,Homemade,8.106231689453125e-06,,2
111,Numpy,2.1219253540039062e-05,,2
112,Homemade,0.04530668258666992,,74
113,Numpy,0.0418550968170166,,74
114,Homemade,0.02494645118713379,,61
115,Numpy,0.00016927719116210938,,61
116,Homemade,0.030228376388549805,,64
117,Numpy,0.06357741355895996,,64
118,Homemade,0.11626029014587402,,96
119,Numpy,0.00751042366027832,,96
120,Homemade,0.015708446502685547,,51
121,Numpy,0.007849693298339844,,51
122,Homemade,0.04530906677246094,,75
123,Numpy,0.005639076232910156,,75
124,Homemade,0.0007355213165283203,,18
125,Numpy,0.004528999328613281,,18
126,Homemade,0.06796050071716309,,85
127,Numpy,0.04003739356994629,,85
128,Homemade,0.02361273765563965,,60
129,Numpy,0.0001537799835205078,,60
130,Homemade,0.00023937225341796875,,12
131,Numpy,4.2438507080078125e-05,,12
132,Homemade,0.0057027339935302734,,37
133,Numpy,7.891654968261719e-05,,37
134,Homemade,0.019586801528930664,,55
135,Numpy,0.04008030891418457,,55
136,Homemade,5.0067901611328125e-05,,6
137,Numpy,5.0067901611328125e-05,,6
138,Homemade,0.0025577545166015625,,28
139,Numpy,6.341934204101562e-05,,28
140,Homemade,0.0003104209899902344,,13
141,Numpy,4.124641418457031e-05,,13
142,Homemade,3.0517578125e-05,,5
143,Numpy,2.2172927856445312e-05,,5
144,Homemade,0.007618427276611328,,41
145,Numpy,9.751319885253906e-05,,41
146,Homemade,0.07881760597229004,,84
147,Numpy,0.0007779598236083984,,84
148,Homemade,0.0807504653930664,,88
149,Numpy,0.0002834796905517578,,88
150,Homemade,0.023407936096191406,,60
151,Numpy,0.00014138221740722656,,60
152,Homemade,0.05668306350708008,,74
153,Numpy,0.010865211486816406,,74
154,Homemade,0.029337167739868164,,62
155,Numpy,0.00019049644470214844,,62
156,Homemade,0.00011610984802246094,,9
157,Numpy,3.552436828613281e-05,,9
158,Homemade,0.0025463104248046875,,27
159,Numpy,0.03565526008605957,,27
160,Homemade,2.5033950805664062e-05,,4
161,Numpy,4.363059997558594e-05,,4
162,Homemade,0.0021135807037353516,,26
163,Numpy,6.67572021484375e-05,,26
164,Homemade,0.002538919448852539,,28
165,Numpy,5.7220458984375e-05,,28
166,Homemade,0.02968764305114746,,65
167,Numpy,0.0001354217529296875,,65
168,Homemade,0.011414766311645508,,47
169,Numpy,0.00010323524475097656,,47
170,Homemade,0.035166025161743164,,67
171,Numpy,0.015718698501586914,,67
172,Homemade,0.1100912094116211,,98
173,Numpy,0.0002849102020263672,,98
174,Homemade,0.1314833164215088,,98
175,Numpy,0.03367280960083008,,98
176,Homemade,1.239776611328125e-05,,2
177,Numpy,4.553794860839844e-05,,2
178,Homemade,0.012175559997558594,,48
179,Numpy,0.00010895729064941406,,48
180,Homemade,0.0008475780487060547,,19
181,Numpy,5.0067901611328125e-05,,19
182,Homemade,0.029582977294921875,,65
183,Numpy,0.0001347064971923828,,65
184,Homemade,0.039324045181274414,,62
185,Numpy,0.02150726318359375,,62
186,Homemade,6.914138793945312e-05,,7
187,Numpy,5.4836273193359375e-05,,7
188,Homemade,0.04890632629394531,,74
189,Numpy,0.013155698776245117,,74
190,Homemade,0.0005266666412353516,,16
191,Numpy,0.022899866104125977,,16
192,Homemade,0.0018534660339355469,,25
193,Numpy,0.0005245208740234375,,25
194,Homemade,0.0012774467468261719,,22
195,Numpy,9.703636169433594e-05,,22
196,Homemade,0.0708613395690918,,83
197,Numpy,0.001934051513671875,,83
198,Homemade,0.04587888717651367,,75
199,Numpy,0.05460405349731445,,75
200,Homemade,0.03728127479553223,,69
201,Numpy,0.0011391639709472656,,69
202,Homemade,0.02425408363342285,,58
203,Numpy,0.0001697540283203125,,58
204,Homemade,0.0012786388397216797,,22
205,Numpy,5.173683166503906e-05,,22
206,Homemade,0.12686896324157715,,100
207,Numpy,0.0002791881561279297,,100
208,Homemade,0.05089592933654785,,67
209,Numpy,0.024723052978515625,,67
210,Homemade,0.033882856369018555,,68
211,Numpy,0.00020885467529296875,,68
212,Homemade,0.023220062255859375,,58
213,Numpy,0.010910511016845703,,58
214,Homemade,0.1043548583984375,,99
215,Numpy,0.012308120727539062,,99
216,Homemade,2.6464462280273438e-05,,4
217,Numpy,4.5299530029296875e-05,,4
218,Homemade,0.07863330841064453,,90
219,Numpy,0.018677234649658203,,90
220,Homemade,0.031202077865600586,,66
221,Numpy,0.000858306884765625,,66
222,Homemade,0.00037384033203125,,14
223,Numpy,0.007444858551025391,,14
224,Homemade,0.008882761001586914,,43
225,Numpy,0.044827938079833984,,43
226,Homemade,0.004025936126708984,,33
227,Numpy,0.0001354217529296875,,33
228,Homemade,0.0056324005126953125,,37
229,Numpy,0.0009002685546875,,37
230,Homemade,0.015084981918334961,,48
231,Numpy,0.009403228759765625,,48
232,Homemade,0.0008802413940429688,,19
233,Numpy,0.026467561721801758,,19
234,Homemade,0.040799856185913086,,80
235,Numpy,0.0409085750579834,,80
236,Homemade,0.010822296142578125,,46
237,Numpy,0.011320829391479492,,46
238,Homemade,0.12470388412475586,,99
239,Numpy,0.049276113510131836,,99
240,Homemade,0.004258871078491211,,33
241,Numpy,0.00010323524475097656,,33
242,Homemade,0.05510997772216797,,79
243,Numpy,0.011686325073242188,,79
244,Homemade,0.05053067207336426,,77
245,Numpy,0.0032799243927001953,,77
246,Homemade,0.0008642673492431641,,19
247,Numpy,0.00012826919555664062,,19
248,Homemade,4.0531158447265625e-05,,5
249,Numpy,3.457069396972656e-05,,5
250,Homemade,0.013893604278564453,,50
251,Numpy,0.000125885009765625,,50
252,Homemade,0.004073143005371094,,33
253,Numpy,7.700920104980469e-05,,33
254,Homemade,0.10792803764343262,,96
255,Numpy,0.00024890899658203125,,96
256,Homemade,0.03682065010070801,,68
257,Numpy,0.021959304809570312,,68
258,Homemade,0.0009894371032714844,,20
259,Numpy,7.510185241699219e-05,,20
260,Homemade,0.10966372489929199,,99
261,Numpy,0.0002903938293457031,,99
262,Homemade,0.0008418560028076172,,19
263,Numpy,5.340576171875e-05,,19
264,Homemade,0.030569076538085938,,65
265,Numpy,0.002089262008666992,,65
266,Homemade,0.05063152313232422,,77
267,Numpy,0.0002608299255371094,,77
268,Homemade,2.9325485229492188e-05,,4
269,Numpy,6.175041198730469e-05,,4
270,Homemade,0.00715327262878418,,40
271,Numpy,0.04842662811279297,,40
272,Homemade,0.015268325805664062,,52
273,Numpy,0.00016570091247558594,,52
274,Homemade,0.005271434783935547,,36
275,Numpy,9.202957153320312e-05,,36
276,Homemade,0.002527952194213867,,28
277,Numpy,0.05016160011291504,,28
278,Homemade,0.002471923828125,,28
279,Numpy,0.005664825439453125,,28
280,Homemade,0.04470324516296387,,66
281,Numpy,0.011583328247070312,,66
282,Homemade,3.266334533691406e-05,,5
283,Numpy,3.719329833984375e-05,,5
284,Homemade,0.11893463134765625,,98
285,Numpy,0.016431093215942383,,98
286,Homemade,0.0005323886871337891,,16
287,Numpy,9.226799011230469e-05,,16
288,Homemade,0.07456278800964355,,87
289,Numpy,0.00024175643920898438,,87
290,Homemade,0.0031118392944335938,,30
291,Numpy,6.222724914550781e-05,,30
292,Homemade,0.0031108856201171875,,30
293,Numpy,6.270408630371094e-05,,30
294,Homemade,0.00011730194091796875,,9
295,Numpy,2.765655517578125e-05,,9
296,Homemade,0.00015091896057128906,,10
297,Numpy,2.9087066650390625e-05,,10
298,Homemade,0.0008389949798583984,,19
299,Numpy,4.601478576660156e-05,,19
300,Homemade,0.0025544166564941406,,28
301,Numpy,5.53131103515625e-05,,28
302,Homemade,0.05115771293640137,,77
303,Numpy,0.015101194381713867,,77
304,Homemade,0.016628503799438477,,53
305,Numpy,0.00014257431030273438,,53
306,Homemade,0.0034227371215820312,,31
307,Numpy,8.058547973632812e-05,,31
308,Homemade,0.03869748115539551,,70
309,Numpy,0.034781455993652344,,70
310,Homemade,0.07729315757751465,,89
311,Numpy,0.019143104553222656,,89
312,Homemade,0.09237480163574219,,90
313,Numpy,0.00027942657470703125,,90
314,Homemade,0.011514663696289062,,47
315,Numpy,0.00011348724365234375,,47
316,Homemade,0.0009810924530029297,,20
317,Numpy,7.009506225585938e-05,,20
318,Homemade,0.04515337944030762,,71
319,Numpy,0.0030329227447509766,,71
320,Homemade,0.12792325019836426,,99
321,Numpy,0.0002701282501220703,,99
322,Homemade,0.00011658668518066406,,9
323,Numpy,3.6716461181640625e-05,,9
324,Homemade,0.12047386169433594,,100
325,Numpy,0.0009415149688720703,,100
326,Homemade,0.0056476593017578125,,37
327,Numpy,0.027986764907836914,,37
328,Homemade,0.1305220127105713,,95
329,Numpy,0.05833935737609863,,95
330,Homemade,0.009946823120117188,,45
331,Numpy,0.008561849594116211,,45
332,Homemade,0.00013208389282226562,,10
333,Numpy,0.008085012435913086,,10
334,Homemade,0.01582050323486328,,52
335,Numpy,0.0001609325408935547,,52
336,Homemade,0.00030803680419921875,,13
337,Numpy,4.076957702636719e-05,,13
338,Homemade,0.0002772808074951172,,12
339,Numpy,3.814697265625e-05,,12
340,Homemade,0.0025446414947509766,,28
341,Numpy,5.936622619628906e-05,,28
342,Homemade,0.0002593994140625,,12
343,Numpy,3.7670135498046875e-05,,12
344,Homemade,0.0014510154724121094,,23
345,Numpy,4.863739013671875e-05,,23
346,Homemade,0.0352330207824707,,68
347,Numpy,0.03301858901977539,,68
348,Homemade,0.054286956787109375,,79
349,Numpy,0.0037660598754882812,,79
350,Homemade,0.0006186962127685547,,17
351,Numpy,0.00037217140197753906,,17
352,Homemade,0.024816513061523438,,50
353,Numpy,0.00016832351684570312,,50
354,Homemade,0.05724787712097168,,80
355,Numpy,0.014079809188842773,,80
356,Homemade,6.628036499023438e-05,,7
357,Numpy,0.0008883476257324219,,7
358,Homemade,0.005240440368652344,,36
359,Numpy,0.000125885009765625,,36
360,Homemade,0.08924174308776855,,91
361,Numpy,0.0009789466857910156,,91
362,Homemade,6.747245788574219e-05,,7
363,Numpy,3.838539123535156e-05,,7
364,Homemade,0.02852177619934082,,64
365,Numpy,0.044226646423339844,,64
366,Homemade,0.005209684371948242,,36
367,Numpy,0.00011420249938964844,,36
368,Homemade,0.03724956512451172,,70
369,Numpy,0.0009520053863525391,,70
370,Homemade,0.07134151458740234,,77
371,Numpy,0.0002484321594238281,,77
372,Homemade,0.02038264274597168,,56
373,Numpy,0.031255245208740234,,56
374,Homemade,0.0003006458282470703,,13
375,Numpy,6.198883056640625e-05,,13
376,Homemade,0.043314218521118164,,74
377,Numpy,0.00018548965454101562,,74
378,Homemade,0.0008552074432373047,,19
379,Numpy,0.0008559226989746094,,19
380,Homemade,0.06694412231445312,,85
381,Numpy,0.00026106834411621094,,85
382,Homemade,0.00061798095703125,,17
383,Numpy,4.76837158203125e-05,,17
384,Homemade,0.0583646297454834,,81
385,Numpy,0.0011067390441894531,,81
386,Homemade,0.04352211952209473,,74
387,Numpy,0.0043413639068603516,,74
388,Homemade,0.10118436813354492,,90
389,Numpy,0.04754233360290527,,90
390,Homemade,0.02110123634338379,,57
391,Numpy,0.0014011859893798828,,57
392,Homemade,0.05523490905761719,,71
393,Numpy,0.00024199485778808594,,71
394,Homemade,0.00499725341796875,,35
395,Numpy,0.00010013580322265625,,35
396,Homemade,0.07797002792358398,,76
397,Numpy,0.00022077560424804688,,76
398,Homemade,0.0008492469787597656,,19
399,Numpy,5.078315734863281e-05,,19
400,Homemade,0.06544327735900879,,84
401,Numpy,0.048000335693359375,,84
402,Homemade,0.013700008392333984,,50
403,Numpy,0.00014519691467285156,,50
404,Homemade,0.04566645622253418,,73
405,Numpy,0.0011239051818847656,,73
406,Homemade,0.03833174705505371,,71
407,Numpy,0.011424064636230469,,71
408,Homemade,0.015634775161743164,,47
409,Numpy,0.013259649276733398,,47
410,Homemade,0.11721086502075195,,100
411,Numpy,0.0002505779266357422,,100
412,Homemade,0.10174250602722168,,91
413,Numpy,0.0002570152282714844,,91
414,Homemade,0.004434108734130859,,34
415,Numpy,8.7738037109375e-05,,34
416,Homemade,0.010704278945922852,,46
417,Numpy,0.00010895729064941406,,46
418,Homemade,0.02670431137084961,,58
419,Numpy,0.00923919677734375,,58
420,Homemade,0.014621734619140625,,51
421,Numpy,0.00014853477478027344,,51
422,Homemade,0.012115955352783203,,48
423,Numpy,0.00011277198791503906,,48
424,Homemade,0.00029778480529785156,,13
425,Numpy,3.933906555175781e-05,,13
426,Homemade,0.0011265277862548828,,21
427,Numpy,4.935264587402344e-05,,21
428,Homemade,0.0928802490234375,,94
429,Numpy,0.0002841949462890625,,94
430,Homemade,0.03427839279174805,,68
431,Numpy,0.0015840530395507812,,68
432,Homemade,0.0014591217041015625,,23
433,Numpy,0.014948368072509766,,23
434,Homemade,0.0937349796295166,,95
435,Numpy,0.007432460784912109,,95
436,Homemade,0.0003705024719238281,,14
437,Numpy,0.019199848175048828,,14
438,Homemade,0.05733227729797363,,75
439,Numpy,0.0002300739288330078,,75
440,Homemade,0.12508869171142578,,100
441,Numpy,0.05849003791809082,,100
442,Homemade,0.05676126480102539,,80
443,Numpy,0.0032706260681152344,,80
444,Homemade,0.022590160369873047,,60
445,Numpy,0.00018787384033203125,,60
446,Homemade,0.04196310043334961,,73
447,Numpy,0.00020742416381835938,,73
448,Homemade,0.12392568588256836,,91
449,Numpy,0.018416166305541992,,91
450,Homemade,0.022133827209472656,,59
451,Numpy,0.00016307830810546875,,59
452,Homemade,0.010019302368164062,,45
453,Numpy,0.00011491775512695312,,45
454,Homemade,0.0003008842468261719,,13
455,Numpy,5.793571472167969e-05,,13
456,Homemade,0.07723593711853027,,89
457,Numpy,0.00027251243591308594,,89
458,Homemade,0.002283811569213867,,27
459,Numpy,6.413459777832031e-05,,27
460,Homemade,0.0009849071502685547,,20
461,Numpy,0.042308807373046875,,20
462,Homemade,0.0011637210845947266,,21
463,Numpy,7.224082946777344e-05,,21
464,Homemade,6.628036499023438e-05,,7
465,Numpy,4.5299530029296875e-05,,7
466,Homemade,0.024722814559936523,,61
467,Numpy,0.00014781951904296875,,61
468,Homemade,0.07499289512634277,,83
469,Numpy,0.00028228759765625,,83
470,Homemade,0.004831075668334961,,35
471,Numpy,8.606910705566406e-05,,35
472,Homemade,0.06207633018493652,,81
473,Numpy,0.0017299652099609375,,81
474,Homemade,2.47955322265625e-05,,4
475,Numpy,3.528594970703125e-05,,4
476,Homemade,3.361701965332031e-05,,5
477,Numpy,3.0040740966796875e-05,,5
478,Homemade,0.0014567375183105469,,23
479,Numpy,5.793571472167969e-05,,23
480,Homemade,0.0025696754455566406,,28
481,Numpy,6.222724914550781e-05,,28
482,Homemade,0.003718137741088867,,32
483,Numpy,7.367134094238281e-05,,32
484,Homemade,0.01409292221069336,,53
485,Numpy,0.00012421607971191406,,53
486,Homemade,0.0002951622009277344,,13
487,Numpy,3.981590270996094e-05,,13
488,Homemade,0.03964066505432129,,71
489,Numpy,0.037726640701293945,,71
490,Homemade,0.005231380462646484,,36
491,Numpy,0.000118255615234375,,36
492,Homemade,0.04129981994628906,,74
493,Numpy,0.00020122528076171875,,74
494,Homemade,0.03232741355895996,,61
495,Numpy,0.015952110290527344,,61
496,Homemade,0.002046346664428711,,26
497,Numpy,8.416175842285156e-05,,26
498,Homemade,0.00012421607971191406,,9
499,Numpy,2.9802322387695312e-05,,9
500,Homemade,0.0033986568450927734,,31
501,Numpy,6.413459777832031e-05,,31
502,Homemade,8.749961853027344e-05,,8
503,Numpy,3.147125244140625e-05,,8
504,Homemade,0.0116119384765625,,47
505,Numpy,0.00011682510375976562,,47
506,Homemade,0.05507993698120117,,75
507,Numpy,0.00023937225341796875,,75
508,Homemade,0.018138885498046875,,55
509,Numpy,0.0001392364501953125,,55
510,Homemade,0.003391742706298828,,31
511,Numpy,6.222724914550781e-05,,31
512,Homemade,0.0033941268920898438,,31
513,Numpy,6.771087646484375e-05,,31
514,Homemade,0.008804082870483398,,43
515,Numpy,9.703636169433594e-05,,43
516,Homemade,0.0023834705352783203,,27
517,Numpy,0.04189896583557129,,27
518,Homemade,3.647804260253906e-05,,5
519,Numpy,4.363059997558594e-05,,5
520,Homemade,0.0001518726348876953,,10
521,Numpy,4.7206878662109375e-05,,10
522,Homemade,0.014014720916748047,,51
523,Numpy,0.00012183189392089844,,51
524,Homemade,0.005247354507446289,,36
525,Numpy,8.0108642578125e-05,,36
526,Homemade,1.3589859008789062e-05,,3
527,Numpy,2.2172927856445312e-05,,3
528,Homemade,0.03980398178100586,,71
529,Numpy,0.036312103271484375,,71
530,Homemade,0.0057637691497802734,,37
531,Numpy,0.00012302398681640625,,37
532,Homemade,0.04016280174255371,,71
533,Numpy,0.04073643684387207,,71
534,Homemade,0.004108428955078125,,33
535,Numpy,0.00010228157043457031,,33
536,Homemade,0.0007464885711669922,,18
537,Numpy,4.792213439941406e-05,,18
538,Homemade,0.003720998764038086,,32
539,Numpy,7.319450378417969e-05,,32
540,Homemade,0.005649089813232422,,37
541,Numpy,8.845329284667969e-05,,37
542,Homemade,1.3828277587890625e-05,,3
543,Numpy,2.2172927856445312e-05,,3
544,Homemade,0.08200931549072266,,88
545,Numpy,0.0002474784851074219,,88
546,Homemade,0.1067814826965332,,99
547,Numpy,0.002318143844604492,,99
548,Homemade,0.05001974105834961,,75
549,Numpy,0.021811485290527344,,75
550,Homemade,0.013892412185668945,,50
551,Numpy,0.0001537799835205078,,50
552,Homemade,0.013793468475341797,,50
553,Numpy,0.0001227855682373047,,50
554,Homemade,0.03748345375061035,,69
555,Numpy,0.04283595085144043,,69
556,Homemade,0.0020923614501953125,,26
557,Numpy,8.845329284667969e-05,,26
558,Homemade,6.723403930664062e-05,,7
559,Numpy,3.504753112792969e-05,,7
560,Homemade,0.008389472961425781,,42
561,Numpy,9.655952453613281e-05,,42
562,Homemade,0.0014595985412597656,,23
563,Numpy,5.054473876953125e-05,,23
564,Homemade,0.007166862487792969,,40
565,Numpy,9.131431579589844e-05,,40
566,Homemade,0.008227825164794922,,42
567,Numpy,8.940696716308594e-05,,42
568,Homemade,4.57763671875e-05,,6
569,Numpy,2.4557113647460938e-05,,6
570,Homemade,0.04242062568664551,,73
571,Numpy,0.01349496841430664,,73
572,Homemade,0.03783249855041504,,64
573,Numpy,0.008335113525390625,,64
574,Homemade,9.1552734375e-05,,8
575,Numpy,7.295608520507812e-05,,8
576,Homemade,0.12958717346191406,,91
577,Numpy,0.015683889389038086,,91
578,Homemade,0.031302690505981445,,66
579,Numpy,0.00021982192993164062,,66
580,Homemade,0.008249998092651367,,42
581,Numpy,0.0008211135864257812,,42
582,Homemade,0.0028548240661621094,,29
583,Numpy,0.03142595291137695,,29
584,Homemade,4.744529724121094e-05,,6
585,Numpy,4.935264587402344e-05,,6
586,Homemade,0.010257244110107422,,45
587,Numpy,0.00011157989501953125,,45
588,Homemade,0.029790163040161133,,65
589,Numpy,0.00034880638122558594,,65
590,Homemade,0.0022878646850585938,,27
591,Numpy,0.005852222442626953,,27
592,Homemade,0.09257316589355469,,93
593,Numpy,0.015281915664672852,,93
594,Homemade,0.016588687896728516,,23
595,Numpy,0.00012993812561035156,,23
596,Homemade,0.02588820457458496,,62
597,Numpy,0.0001671314239501953,,62
598,Homemade,0.056818485260009766,,76
599,Numpy,0.002542257308959961,,76
600,Homemade,0.03401923179626465,,68
601,Numpy,0.000986337661743164,,68
602,Homemade,0.0044097900390625,,34
603,Numpy,0.003458738327026367,,34
604,Homemade,0.05742835998535156,,76
605,Numpy,0.0002262592315673828,,76
606,Homemade,0.008832693099975586,,43
607,Numpy,0.03338623046875,,43
608,Homemade,0.04883694648742676,,77
609,Numpy,0.026720285415649414,,77
610,Homemade,0.0008726119995117188,,19
611,Numpy,0.0003783702850341797,,19
612,Homemade,0.0026557445526123047,,28
613,Numpy,0.03420233726501465,,28
614,Homemade,0.0014922618865966797,,23
615,Numpy,0.0174407958984375,,23
616,Homemade,0.039205312728881836,,65
617,Numpy,0.005169868469238281,,65
618,Homemade,0.024665117263793945,,53
619,Numpy,0.0018222332000732422,,53
620,Homemade,0.00910329818725586,,41
621,Numpy,0.014569282531738281,,41
622,Homemade,0.08519244194030762,,84
623,Numpy,0.034212350845336914,,84
624,Homemade,0.0064754486083984375,,38
625,Numpy,0.0001327991485595703,,38
626,Homemade,0.08301520347595215,,90
627,Numpy,0.004694938659667969,,90
628,Homemade,0.00400090217590332,,33
629,Numpy,0.006939888000488281,,33
630,Homemade,0.0525662899017334,,77
631,Numpy,0.000232696533203125,,77
632,Homemade,0.05160951614379883,,78
633,Numpy,0.00019502639770507812,,78
634,Homemade,0.03075385093688965,,63
635,Numpy,0.004004955291748047,,63
636,Homemade,0.00044655799865722656,,15
637,Numpy,5.269050598144531e-05,,15
638,Homemade,0.0704493522644043,,79
639,Numpy,0.018999576568603516,,79
640,Homemade,0.0037627220153808594,,32
641,Numpy,0.00010085105895996094,,32
642,Homemade,0.0014483928680419922,,23
643,Numpy,5.14984130859375e-05,,23
644,Homemade,0.06338763236999512,,83
645,Numpy,0.0054094791412353516,,83
646,Homemade,0.06265044212341309,,83
647,Numpy,0.025391340255737305,,83
648,Homemade,0.03216814994812012,,66
649,Numpy,0.00020241737365722656,,66
650,Homemade,0.09043645858764648,,80
651,Numpy,0.002893686294555664,,80
652,Homemade,0.0003113746643066406,,13
653,Numpy,0.00011038780212402344,,13
654,Homemade,0.0446012020111084,,61
655,Numpy,0.004157066345214844,,61
656,Homemade,0.004335165023803711,,31
657,Numpy,0.00012946128845214844,,31
658,Homemade,0.003658771514892578,,29
659,Numpy,8.702278137207031e-05,,29
660,Homemade,0.00031304359436035156,,12
661,Numpy,4.935264587402344e-05,,12
662,Homemade,0.04912114143371582,,67
663,Numpy,0.007077217102050781,,67
664,Homemade,4.57763671875e-05,,5
665,Numpy,5.221366882324219e-05,,5
666,Homemade,0.009744405746459961,,40
667,Numpy,0.0069942474365234375,,40
668,Homemade,0.028698444366455078,,58
669,Numpy,0.0008420944213867188,,58
670,Homemade,0.0008401870727539062,,17
671,Numpy,0.04378104209899902,,17
672,Homemade,0.051542043685913086,,69
673,Numpy,0.01697707176208496,,69
674,Homemade,0.0988321304321289,,73
675,Numpy,0.057134151458740234,,73
676,Homemade,0.00391840934753418,,29
677,Numpy,0.00011467933654785156,,29
678,Homemade,0.141556978225708,,92
679,Numpy,0.01593303680419922,,92
680,Homemade,0.1564466953277588,,94
681,Numpy,0.0030946731567382812,,94
682,Homemade,0.029432058334350586,,52
683,Numpy,0.00020241737365722656,,52
684,Homemade,0.002588033676147461,,25
685,Numpy,0.003247499465942383,,25
686,Homemade,0.006785392761230469,,35
687,Numpy,0.00011610984802246094,,35
688,Homemade,0.11840486526489258,,88
689,Numpy,0.007203817367553711,,88
690,Homemade,0.005927324295043945,,32
691,Numpy,0.017889022827148438,,32
692,Homemade,0.10702157020568848,,83
693,Numpy,0.00025653839111328125,,83
694,Homemade,0.06538677215576172,,75
695,Numpy,0.029914379119873047,,75
696,Homemade,0.10007762908935547,,87
697,Numpy,0.012394428253173828,,87
698,Homemade,0.07383871078491211,,63
699,Numpy,0.0035581588745117188,,63
700,Homemade,0.0075740814208984375,,36
701,Numpy,0.01403951644897461,,36
702,Homemade,0.10698056221008301,,85
703,Numpy,0.00038313865661621094,,85
704,Homemade,0.0001621246337890625,,9
705,Numpy,5.245208740234375e-05,,9
706,Homemade,0.010094642639160156,,40
707,Numpy,0.053716182708740234,,40
708,Homemade,0.1692194938659668,,96
709,Numpy,0.015421628952026367,,96
710,Homemade,0.029947280883789062,,57
711,Numpy,0.00019502639770507812,,57
712,Homemade,0.05648946762084961,,72
713,Numpy,0.00024890899658203125,,72
714,Homemade,0.0043451786041259766,,30
715,Numpy,0.00010037422180175781,,30
716,Homemade,0.10564541816711426,,85
717,Numpy,0.00026679039001464844,,85
718,Homemade,0.15077590942382812,,99
719,Numpy,0.021311044692993164,,99
720,Homemade,0.1652214527130127,,97
721,Numpy,0.007310628890991211,,97
722,Homemade,0.0001246929168701172,,8
723,Numpy,0.010411262512207031,,8
724,Homemade,0.01958179473876953,,50
725,Numpy,0.0002200603485107422,,50
726,Homemade,0.0885159969329834,,81
727,Numpy,0.0002560615539550781,,81
728,Homemade,0.0004329681396484375,,13
729,Numpy,5.936622619628906e-05,,13
730,Homemade,0.0008683204650878906,,17
731,Numpy,0.00010442733764648438,,17
732,Homemade,0.0028829574584960938,,26
733,Numpy,0.00010323524475097656,,26
734,Homemade,2.7418136596679688e-05,,4
735,Numpy,2.9802322387695312e-05,,4
736,Homemade,0.0057239532470703125,,33
737,Numpy,0.00010156631469726562,,33
738,Homemade,0.003564596176147461,,28
739,Numpy,8.606910705566406e-05,,28
740,Homemade,0.016085147857666016,,38
741,Numpy,0.032911062240600586,,38
742,Homemade,0.0216982364654541,,52
743,Numpy,0.00019121170043945312,,52
744,Homemade,0.014999866485595703,,46
745,Numpy,0.04377484321594238,,46
746,Homemade,0.04849505424499512,,69
747,Numpy,0.0010235309600830078,,69
748,Homemade,0.1342310905456543,,84
749,Numpy,0.026235103607177734,,84
750,Homemade,0.09082794189453125,,79
751,Numpy,0.0002574920654296875,,79
752,Homemade,0.04735565185546875,,65
753,Numpy,0.0009379386901855469,,65
754,Homemade,0.07237648963928223,,77
755,Numpy,0.060089111328125,,77
756,Homemade,0.08440995216369629,,71
757,Numpy,0.004439115524291992,,71
758,Homemade,0.03505444526672363,,60
759,Numpy,0.002801656723022461,,60
760,Homemade,0.035863399505615234,,63
761,Numpy,0.00021147727966308594,,63
762,Homemade,0.006445884704589844,,34
763,Numpy,0.002588987350463867,,34
764,Homemade,0.0028672218322753906,,26
765,Numpy,0.023548603057861328,,26
766,Homemade,0.01294565200805664,,37
767,Numpy,0.0051996707916259766,,37
768,Homemade,0.12897086143493652,,70
769,Numpy,0.02258014678955078,,70
770,Homemade,0.12267875671386719,,90
771,Numpy,0.0003094673156738281,,90
772,Homemade,0.1211850643157959,,85
773,Numpy,0.14296817779541016,,85
774,Homemade,0.10136651992797852,,85
775,Numpy,0.028544902801513672,,85
776,Homemade,0.025688648223876953,,52
777,Numpy,0.0016384124755859375,,52
778,Homemade,0.0020265579223632812,,23
779,Numpy,0.005165815353393555,,23
780,Homemade,0.0012047290802001953,,19
781,Numpy,0.00015735626220703125,,19
782,Homemade,0.02295088768005371,,53
783,Numpy,0.003935337066650391,,53
784,Homemade,0.03365373611450195,,60
785,Numpy,0.0840301513671875,,60
786,Homemade,0.07264280319213867,,76
787,Numpy,0.026115894317626953,,76
788,Homemade,0.04666757583618164,,58
789,Numpy,0.00022363662719726562,,58
790,Homemade,0.12229371070861816,,92
791,Numpy,0.003353595733642578,,92
792,Homemade,0.0031974315643310547,,27
793,Numpy,0.06234288215637207,,27
794,Homemade,0.028612613677978516,,57
795,Numpy,0.005829811096191406,,57
796,Homemade,0.012128829956054688,,44
797,Numpy,0.012146711349487305,,44
798,Homemade,0.01756453514099121,,48
799,Numpy,0.033478736877441406,,48
800,Homemade,0.03392171859741211,,58
801,Numpy,0.02037668228149414,,58
802,Homemade,2.4080276489257812e-05,,3
803,Numpy,4.9114227294921875e-05,,3
804,Homemade,0.049551963806152344,,68
805,Numpy,0.010825634002685547,,68
806,Homemade,0.04375433921813965,,67
807,Numpy,0.00023436546325683594,,67
808,Homemade,0.01797652244567871,,46
809,Numpy,0.00019598007202148438,,46
810,Homemade,0.07789039611816406,,71
811,Numpy,0.021698474884033203,,71
812,Homemade,0.029295921325683594,,55
813,Numpy,0.00020503997802734375,,55
814,Homemade,0.1879255771636963,,99
815,Numpy,0.009016036987304688,,99
816,Homemade,0.007701396942138672,,37
817,Numpy,0.0008296966552734375,,37
818,Homemade,0.03168964385986328,,60
819,Numpy,0.00995016098022461,,60
820,Homemade,0.030170202255249023,,59
821,Numpy,0.0010235309600830078,,59
822,Homemade,0.000986337661743164,,18
823,Numpy,0.002040386199951172,,18
824,Homemade,0.007139682769775391,,36
825,Numpy,0.002679109573364258,,36
826,Homemade,0.0035431385040283203,,28
827,Numpy,0.0006585121154785156,,28
828,Homemade,0.04350757598876953,,66
829,Numpy,0.0010194778442382812,,66
830,Homemade,0.0008769035339355469,,17
831,Numpy,0.0023047924041748047,,17
832,Homemade,0.020896434783935547,,50
833,Numpy,0.010631322860717773,,50
834,Homemade,0.00027298927307128906,,11
835,Numpy,7.343292236328125e-05,,11
836,Homemade,0.010721683502197266,,41
837,Numpy,0.00014734268188476562,,41
838,Homemade,0.00016069412231445312,,9
839,Numpy,4.57763671875e-05,,9
840,Homemade,0.003256082534790039,,27
841,Numpy,8.606910705566406e-05,,27
842,Homemade,0.1547236442565918,,94
843,Numpy,0.03284192085266113,,94
844,Homemade,0.00026226043701171875,,11
845,Numpy,0.0001621246337890625,,11
846,Homemade,0.10632705688476562,,86
847,Numpy,0.005527973175048828,,86
848,Homemade,0.09763169288635254,,81
849,Numpy,0.00025916099548339844,,81
850,Homemade,0.0043599605560302734,,30
851,Numpy,9.608268737792969e-05,,30
852,Homemade,0.07471394538879395,,70
853,Numpy,0.0018062591552734375,,70
854,Homemade,0.0008711814880371094,,17
855,Numpy,7.653236389160156e-05,,17
856,Homemade,0.05795645713806152,,72
857,Numpy,0.013411521911621094,,72
858,Homemade,0.007397890090942383,,36
859,Numpy,0.0001385211944580078,,36
860,Homemade,0.0015606880187988281,,21
861,Numpy,7.724761962890625e-05,,21
862,Homemade,0.00017380714416503906,,9
863,Numpy,4.7206878662109375e-05,,9
864,Homemade,0.12540149688720703,,90
865,Numpy,0.0010635852813720703,,90
866,Homemade,0.16096758842468262,,95
867,Numpy,0.0005211830139160156,,95
868,Homemade,0.18207907676696777,,98
869,Numpy,0.00039124488830566406,,98
870,Homemade,0.01190638542175293,,43
871,Numpy,0.00012135505676269531,,43
872,Homemade,0.0011360645294189453,,19
873,Numpy,6.29425048828125e-05,,19
874,Homemade,0.05991005897521973,,70
875,Numpy,0.04087424278259277,,70
876,Homemade,0.0002636909484863281,,11
877,Numpy,7.486343383789062e-05,,11
878,Homemade,0.11901473999023438,,79
879,Numpy,0.003674030303955078,,79
880,Homemade,0.06251907348632812,,60
881,Numpy,0.04007387161254883,,60
882,Homemade,0.10193181037902832,,80
883,Numpy,0.033429861068725586,,80
884,Homemade,0.09254336357116699,,77
885,Numpy,0.005319833755493164,,77
886,Homemade,0.002602815628051758,,25
887,Numpy,0.025311946868896484,,25
888,Homemade,0.016991376876831055,,48
889,Numpy,0.0001704692840576172,,48
890,Homemade,0.00835108757019043,,38
891,Numpy,0.04137086868286133,,38
892,Homemade,0.0004363059997558594,,13
893,Numpy,7.867813110351562e-05,,13
894,Homemade,0.0059816837310791016,,34
895,Numpy,9.965896606445312e-05,,34
896,Homemade,0.0046269893646240234,,31
897,Numpy,9.560585021972656e-05,,31
898,Homemade,0.006956815719604492,,36
899,Numpy,0.0550997257232666,,36
900,Homemade,0.0026879310607910156,,26
901,Numpy,0.028705835342407227,,26
902,Homemade,0.17399835586547852,,93
903,Numpy,0.019897937774658203,,93
904,Homemade,0.008858442306518555,,39
905,Numpy,0.00013375282287597656,,39
906,Homemade,0.06871819496154785,,77
907,Numpy,0.00024819374084472656,,77
908,Homemade,0.15336251258850098,,89
909,Numpy,0.05411076545715332,,89
910,Homemade,0.01359415054321289,,45
911,Numpy,0.0001456737518310547,,45
912,Homemade,0.17606139183044434,,96
913,Numpy,0.0003237724304199219,,96
914,Homemade,0.0986485481262207,,83
915,Numpy,0.00026226043701171875,,83
916,Homemade,0.09318971633911133,,75
917,Numpy,0.0002467632293701172,,75
918,Homemade,0.0020418167114257812,,23
919,Numpy,8.130073547363281e-05,,23
920,Homemade,0.001371622085571289,,20
921,Numpy,7.390975952148438e-05,,20
922,Homemade,0.00017261505126953125,,9
923,Numpy,4.363059997558594e-05,,9
924,Homemade,2.6941299438476562e-05,,4
925,Numpy,2.8371810913085938e-05,,4
926,Homemade,0.003926753997802734,,29
927,Numpy,9.34600830078125e-05,,29
928,Homemade,0.003628969192504883,,28
929,Numpy,0.05979108810424805,,28
930,Homemade,0.0008373260498046875,,17
931,Numpy,0.00010013580322265625,,17
932,Homemade,0.09760761260986328,,86
933,Numpy,0.01968240737915039,,86
934,Homemade,0.04385209083557129,,57
935,Numpy,0.0020630359649658203,,57
936,Homemade,0.003598451614379883,,28
937,Numpy,0.0004949569702148438,,28
938,Homemade,0.16822028160095215,,100
939,Numpy,0.001081705093383789,,100
940,Homemade,0.011243820190429688,,42
941,Numpy,0.02360391616821289,,42
942,Homemade,0.008145570755004883,,38
943,Numpy,0.003569364547729492,,38
944,Homemade,2.5987625122070312e-05,,2
945,Numpy,9.083747863769531e-05,,2
946,Homemade,0.08826375007629395,,79
947,Numpy,0.0037298202514648438,,79
948,Homemade,0.002298593521118164,,24
949,Numpy,8.392333984375e-05,,24
950,Homemade,0.13837742805480957,,92
951,Numpy,0.009358882904052734,,92
952,Homemade,0.12221717834472656,,83
953,Numpy,0.004900693893432617,,83
954,Homemade,4.839897155761719e-05,,5
955,Numpy,5.245208740234375e-05,,5
956,Homemade,0.01145482063293457,,42
957,Numpy,0.00012350082397460938,,42
958,Homemade,0.01717352867126465,,48
959,Numpy,0.0001430511474609375,,48
960,Homemade,0.13907647132873535,,81
961,Numpy,0.004120588302612305,,81
962,Homemade,0.0005939006805419922,,15
963,Numpy,0.02263021469116211,,15
964,Homemade,0.06130790710449219,,64
965,Numpy,0.04268598556518555,,64
966,Homemade,0.002260446548461914,,24
967,Numpy,9.918212890625e-05,,24
968,Homemade,0.03456306457519531,,46
969,Numpy,0.0037026405334472656,,46
970,Homemade,0.0032036304473876953,,27
971,Numpy,0.01686859130859375,,27
972,Homemade,0.0057218074798583984,,33
973,Numpy,0.00012135505676269531,,33
974,Homemade,0.033271074295043945,,57
975,Numpy,0.06949496269226074,,57
976,Homemade,0.0009872913360595703,,18
977,Numpy,8.392333984375e-05,,18
978,Homemade,0.1115269660949707,,88
979,Numpy,0.06337237358093262,,88
980,Homemade,0.011167287826538086,,42
981,Numpy,0.0001354217529296875,,42
982,Homemade,0.18056368827819824,,99
983,Numpy,0.05926251411437988,,99
984,Homemade,0.007997751235961914,,38
985,Numpy,0.0018863677978515625,,38
986,Homemade,0.008602380752563477,,39
987,Numpy,0.025635480880737305,,39
988,Homemade,0.03980374336242676,,66
989,Numpy,0.00041747093200683594,,66
990,Homemade,0.0014719963073730469,,21
991,Numpy,0.0018591880798339844,,21
992,Homemade,0.005974769592285156,,34
993,Numpy,0.040476322174072266,,34
994,Homemade,0.09627151489257812,,79
995,Numpy,0.0002448558807373047,,79
996,Homemade,0.17223763465881348,,99
997,Numpy,0.0003898143768310547,,99
998,Homemade,0.0034096240997314453,,28
999,Numpy,8.654594421386719e-05,,28
1000,Homemade,0.001142740249633789,,19
1001,Numpy,6.4849853515625e-05,,19
1002,Homemade,0.01735544204711914,,49
1003,Numpy,0.00012731552124023438,,49
1004,Homemade,2.7894973754882812e-05,,4
1005,Numpy,3.123283386230469e-05,,4
1006,Homemade,0.004567146301269531,,31
1007,Numpy,0.00089263916015625,,31
1008,Homemade,0.0055468082427978516,,33
1009,Numpy,0.03000783920288086,,33
1010,Homemade,0.02609419822692871,,56
1011,Numpy,0.00019049644470214844,,56
1012,Homemade,0.05379962921142578,,70
1013,Numpy,0.0098724365234375,,70
1014,Homemade,0.15796232223510742,,95
1015,Numpy,0.00757288932800293,,95
1016,Homemade,0.001020193099975586,,18
1017,Numpy,0.027535676956176758,,18
1018,Homemade,0.029989957809448242,,59
1019,Numpy,0.000186920166015625,,59
1020,Homemade,0.029636859893798828,,58
1021,Numpy,0.0032782554626464844,,58
1022,Homemade,0.05761885643005371,,72
1023,Numpy,0.0010104179382324219,,72
1024,Homemade,0.0010333061218261719,,18
1025,Numpy,0.004138469696044922,,18
1026,Homemade,0.07760190963745117,,78
1027,Numpy,0.006093502044677734,,78
1028,Homemade,1.7404556274414062e-05,,2
1029,Numpy,5.14984130859375e-05,,2
1030,Homemade,0.13500475883483887,,88
1031,Numpy,0.00037741661071777344,,88
1032,Homemade,0.03227853775024414,,56
1033,Numpy,0.013499021530151367,,56
1034,Homemade,0.0059816837310791016,,34
1035,Numpy,0.015854597091674805,,34
1036,Homemade,9.059906005859375e-05,,7
1037,Numpy,5.8650970458984375e-05,,7
1038,Homemade,0.1092672348022461,,81
1039,Numpy,0.00026345252990722656,,81
1040,Homemade,2.956390380859375e-05,,4
1041,Numpy,3.266334533691406e-05,,4
1042,Homemade,0.08106875419616699,,81
1043,Numpy,0.0002846717834472656,,81
1044,Homemade,4.2438507080078125e-05,,5
1045,Numpy,3.2901763916015625e-05,,5
1046,Homemade,0.13924860954284668,,92
1047,Numpy,0.0025794506072998047,,92
1048,Homemade,0.003453969955444336,,28
1049,Numpy,0.0045316219329833984,,28
1050,Homemade,0.0078122615814208984,,37
1051,Numpy,0.024367570877075195,,37
1052,Homemade,0.0017044544219970703,,22
1053,Numpy,0.01797938346862793,,22
1054,Homemade,0.16583681106567383,,96
1055,Numpy,0.0004036426544189453,,96
1056,Homemade,0.0730295181274414,,74
1057,Numpy,0.013029813766479492,,74
1058,Homemade,0.03986978530883789,,65
1059,Numpy,0.00019431114196777344,,65
1060,Homemade,0.00032782554626464844,,12
1061,Numpy,0.030403852462768555,,12
1062,Homemade,0.0019626617431640625,,23
1063,Numpy,0.007131338119506836,,23
1064,Homemade,0.11322474479675293,,84
1065,Numpy,0.0005640983581542969,,84
1066,Homemade,0.018387556076049805,,49
1067,Numpy,0.0001766681671142578,,49
1068,Homemade,1.2636184692382812e-05,,2
1069,Numpy,3.2901763916015625e-05,,2
1070,Homemade,0.03656888008117676,,42
1071,Numpy,0.05003166198730469,,42
1072,Homemade,0.004129171371459961,,30
1073,Numpy,0.00011348724365234375,,30
1074,Homemade,0.027130842208862305,,53
1075,Numpy,0.0026390552520751953,,53
1076,Homemade,0.09654903411865234,,77
1077,Numpy,0.011659383773803711,,77
1078,Homemade,0.09700393676757812,,76
1079,Numpy,0.02895331382751465,,76
1080,Homemade,0.09584546089172363,,74
1081,Numpy,0.009749650955200195,,74
1082,Homemade,0.005512237548828125,,33
1083,Numpy,0.0009119510650634766,,33
1084,Homemade,0.04844474792480469,,56
1085,Numpy,0.00021219253540039062,,56
1086,Homemade,0.026761293411254883,,56
1087,Numpy,0.08080267906188965,,56
1088,Homemade,0.0004038810729980469,,13
1089,Numpy,0.0003104209899902344,,13
1090,Homemade,0.0009875297546386719,,18
1091,Numpy,8.487701416015625e-05,,18
1092,Homemade,0.02515578269958496,,54
1093,Numpy,0.034314870834350586,,54
1094,Homemade,0.037340402603149414,,63
1095,Numpy,0.002673625946044922,,63
1096,Homemade,0.0003261566162109375,,12
1097,Numpy,5.817413330078125e-05,,12
1098,Homemade,0.12135577201843262,,78
1099,Numpy,0.032929420471191406,,78
1100,Homemade,0.0065462589263916016,,35
1101,Numpy,0.00012636184692382812,,35
1102,Homemade,0.06441688537597656,,75
1103,Numpy,0.008990764617919922,,75
1104,Homemade,0.15114831924438477,,97
1105,Numpy,0.1080930233001709,,97
1106,Homemade,0.0002067089080810547,,10
1107,Numpy,7.43865966796875e-05,,10
1108,Homemade,0.062001943588256836,,88
1109,Numpy,0.0007126331329345703,,88
1110,Homemade,0.0001347064971923828,,8
1111,Numpy,0.0004944801330566406,,8
1112,Homemade,0.01307225227355957,,37
1113,Numpy,0.013582229614257812,,37
1114,Homemade,0.07003068923950195,,74
1115,Numpy,0.011438846588134766,,74
1116,Homemade,0.012064456939697266,,41
1117,Numpy,0.01797795295715332,,41
1118,Homemade,0.007099151611328125,,36
1119,Numpy,0.0001270771026611328,,36
1120,Homemade,0.03911089897155762,,59
1121,Numpy,0.08341383934020996,,59
1122,Homemade,0.06179952621459961,,56
1123,Numpy,0.010303497314453125,,56
1124,Homemade,0.011100292205810547,,41
1125,Numpy,0.00014901161193847656,,41
1126,Homemade,0.02576732635498047,,55
1127,Numpy,0.023426294326782227,,55
1128,Homemade,0.0005180835723876953,,14
1129,Numpy,0.009770393371582031,,14
1130,Homemade,0.15847015380859375,,91
1131,Numpy,0.026668548583984375,,91
1132,Homemade,0.007570505142211914,,39
1133,Numpy,0.03339028358459473,,39
1134,Homemade,0.04813551902770996,,65
1135,Numpy,0.0002205371856689453,,65
1136,Homemade,0.061826229095458984,,74
1137,Numpy,0.0022852420806884766,,74
1138,Homemade,0.008180379867553711,,35
1139,Numpy,0.00016832351684570312,,35
1140,Homemade,0.001814126968383789,,22
1141,Numpy,0.0007915496826171875,,22
1142,Homemade,0.07796978950500488,,73
1143,Numpy,0.041034698486328125,,73
1144,Homemade,0.03051590919494629,,59
1145,Numpy,0.0008130073547363281,,59
1146,Homemade,0.04597043991088867,,67
1147,Numpy,0.0002269744873046875,,67
1148,Homemade,0.11678361892700195,,90
1149,Numpy,0.013104677200317383,,90
1150,Homemade,0.00012040138244628906,,8
1151,Numpy,7.534027099609375e-05,,8
1152,Homemade,1.9311904907226562e-05,,3
1153,Numpy,3.6716461181640625e-05,,3
1154,Homemade,0.016394376754760742,,48
1155,Numpy,0.015005350112915039,,48
1156,Homemade,0.08815145492553711,,77
1157,Numpy,0.011795520782470703,,77
1158,Homemade,0.17029738426208496,,91
1159,Numpy,0.03348660469055176,,91
1160,Homemade,0.0038509368896484375,,29
1161,Numpy,0.00011181831359863281,,29
1162,Homemade,0.06749725341796875,,76
1163,Numpy,0.007250308990478516,,76
1164,Homemade,0.005158662796020508,,32
1165,Numpy,0.0008296966552734375,,32
1166,Homemade,0.06726312637329102,,76
1167,Numpy,0.000240325927734375,,76
1168,Homemade,0.08856034278869629,,83
1169,Numpy,0.0027933120727539062,,83
1170,Homemade,0.002293825149536133,,24
1171,Numpy,0.024831056594848633,,24
1172,Homemade,0.044422149658203125,,66
1173,Numpy,0.002582073211669922,,66
1174,Homemade,0.0051534175872802734,,32
1175,Numpy,0.040693044662475586,,32
1176,Homemade,0.03316760063171387,,61
1177,Numpy,0.00018858909606933594,,61
1178,Homemade,0.0008304119110107422,,17
1179,Numpy,0.03729581832885742,,17
1180,Homemade,0.005636453628540039,,33
1181,Numpy,0.0001423358917236328,,33
1182,Homemade,0.10837769508361816,,81
1183,Numpy,0.00026345252990722656,,81
1184,Homemade,0.1168375015258789,,73
1185,Numpy,0.0002968311309814453,,73
1186,Homemade,0.001346588134765625,,20
1187,Numpy,0.0009486675262451172,,20
1188,Homemade,0.03319525718688965,,60
1189,Numpy,0.06442046165466309,,60
1190,Homemade,4.744529724121094e-05,,5
1191,Numpy,6.175041198730469e-05,,5
1192,Homemade,0.04401969909667969,,67
1193,Numpy,0.011446475982666016,,67
1194,Homemade,1.6450881958007812e-05,,2
1195,Numpy,5.125999450683594e-05,,2
1196,Homemade,0.10890984535217285,,90
1197,Numpy,0.0009579658508300781,,90
1198,Homemade,0.17193245887756348,,97
1199,Numpy,0.00038933753967285156,,97
1200,Homemade,0.08403563499450684,,75
1201,Numpy,0.0002455711364746094,,75
1202,Homemade,0.02060103416442871,,50
1203,Numpy,0.06353497505187988,,50
1204,Homemade,0.009195804595947266,,39
1205,Numpy,0.0001621246337890625,,39
1206,Homemade,0.0005936622619628906,,15
1207,Numpy,8.893013000488281e-05,,15
1208,Homemade,0.0015137195587158203,,21
1209,Numpy,7.295608520507812e-05,,21
1210,Homemade,0.003538370132446289,,20
1211,Numpy,0.04245591163635254,,20
1212,Homemade,0.03839540481567383,,53
1213,Numpy,0.0001862049102783203,,53
1214,Homemade,0.011993646621704102,,43
1215,Numpy,0.07036232948303223,,43
1216,Homemade,0.13969659805297852,,80
1217,Numpy,0.03746223449707031,,80
1218,Homemade,0.006022453308105469,,34
1219,Numpy,0.00011968612670898438,,34
1220,Homemade,0.0103912353515625,,41
1221,Numpy,0.0001201629638671875,,41
1222,Homemade,4.935264587402344e-05,,5
1223,Numpy,3.123283386230469e-05,,5
1224,Homemade,0.0865168571472168,,76
1225,Numpy,0.0002567768096923828,,76
1226,Homemade,0.0013720989227294922,,20
1227,Numpy,8.630752563476562e-05,,20
1228,Homemade,0.065399169921875,,75
1229,Numpy,0.06023693084716797,,75
1230,Homemade,0.024882793426513672,,54
1231,Numpy,0.05634880065917969,,54
1232,Homemade,0.0005652904510498047,,16
1233,Numpy,9.036064147949219e-05,,16
1234,Homemade,0.02025628089904785,,41
1235,Numpy,0.04727339744567871,,41
1236,Homemade,0.07056522369384766,,71
1237,Numpy,0.026561498641967773,,71
1238,Homemade,6.580352783203125e-05,,6
1239,Numpy,5.793571472167969e-05,,6
1240,Homemade,0.004933357238769531,,32
1241,Numpy,0.0001404285430908203,,32
1242,Homemade,0.14499402046203613,,91
1243,Numpy,0.04372143745422363,,91
1244,Homemade,0.00041222572326660156,,13
1245,Numpy,8.0108642578125e-05,,13
1246,Homemade,0.16527342796325684,,89
1247,Numpy,0.09984731674194336,,89
1248,Homemade,0.07131385803222656,,76
1249,Numpy,0.00026154518127441406,,76
1250,Homemade,4.863739013671875e-05,,5
1251,Numpy,4.410743713378906e-05,,5
1252,Homemade,0.0051212310791015625,,32
1253,Numpy,9.5367431640625e-05,,32
1254,Homemade,0.0002562999725341797,,11
1255,Numpy,5.1021575927734375e-05,,11
1256,Homemade,0.0019876956939697266,,24
1257,Numpy,0.046510934829711914,,24
1258,Homemade,0.0824894905090332,,75
1259,Numpy,0.00025272369384765625,,75
1260,Homemade,0.0007424354553222656,,16
1261,Numpy,8.320808410644531e-05,,16
1262,Homemade,0.003951311111450195,,29
1263,Numpy,9.1552734375e-05,,29
1264,Homemade,0.007524967193603516,,36
1265,Numpy,0.00011396408081054688,,36
1266,Homemade,0.0014760494232177734,,20
1267,Numpy,7.605552673339844e-05,,20
1268,Homemade,0.12295818328857422,,83
1269,Numpy,0.0002543926239013672,,83
1270,Homemade,0.10756349563598633,,84
1271,Numpy,0.0002930164337158203,,84
1272,Homemade,0.00016546249389648438,,9
1273,Numpy,0.016692161560058594,,9
1274,Homemade,0.14464426040649414,,92
1275,Numpy,0.020985126495361328,,92
1276,Homemade,0.01402592658996582,,43
1277,Numpy,0.00017833709716796875,,43
1278,Homemade,0.005533933639526367,,26
1279,Numpy,0.03264141082763672,,26
1280,Homemade,0.0335993766784668,,61
1281,Numpy,0.00018358230590820312,,61
1282,Homemade,0.09334325790405273,,85
1283,Numpy,0.0002624988555908203,,85
1284,Homemade,0.06232285499572754,,56
1285,Numpy,0.003426074981689453,,56
1286,Homemade,0.11951637268066406,,85
1287,Numpy,0.00025582313537597656,,85
1288,Homemade,0.05944561958312988,,73
1289,Numpy,0.009667634963989258,,73
1290,Homemade,0.15459537506103516,,96
1291,Numpy,0.042235374450683594,,96
1292,Homemade,0.05759739875793457,,71
1293,Numpy,0.00595855712890625,,71
1294,Homemade,0.0008449554443359375,,17
1295,Numpy,0.02789902687072754,,17
1296,Homemade,0.07726287841796875,,80
1297,Numpy,0.013835668563842773,,80
1298,Homemade,0.011777400970458984,,42
1299,Numpy,0.003882884979248047,,42
1300,Homemade,0.008762836456298828,,38
1301,Numpy,0.00014090538024902344,,38
1302,Homemade,0.019456148147583008,,51
1303,Numpy,0.00017213821411132812,,51
1304,Homemade,0.1631321907043457,,87
1305,Numpy,0.004060268402099609,,87
1306,Homemade,0.18064212799072266,,94
1307,Numpy,0.00468754768371582,,94
1308,Homemade,0.002231597900390625,,24
1309,Numpy,0.0001068115234375,,24
1310,Homemade,0.08758091926574707,,79
1311,Numpy,0.00025200843811035156,,79
1312,Homemade,0.006546974182128906,,35
1313,Numpy,0.00010466575622558594,,35
1314,Homemade,0.0678713321685791,,76
1315,Numpy,0.0002682209014892578,,76
1316,Homemade,0.001392364501953125,,20
1317,Numpy,9.298324584960938e-05,,20
1318,Homemade,0.00016188621520996094,,9
1319,Numpy,5.245208740234375e-05,,9
1320,Homemade,0.030280351638793945,,59
1321,Numpy,0.00017309188842773438,,59
1322,Homemade,0.14795565605163574,,96
1323,Numpy,0.0003254413604736328,,96
1324,Homemade,0.15018749237060547,,94
1325,Numpy,0.005728244781494141,,94
1326,Homemade,0.13998842239379883,,97
1327,Numpy,0.0003161430358886719,,97
1328,Homemade,0.1605665683746338,,96
1329,Numpy,0.004057168960571289,,96
1330,Homemade,0.007588863372802734,,37
1331,Numpy,0.00028395652770996094,,37
1332,Homemade,0.06996726989746094,,74
1333,Numpy,0.0050585269927978516,,74
1334,Homemade,0.05459451675415039,,70
1335,Numpy,0.05685257911682129,,70
1336,Homemade,0.03911256790161133,,61
1337,Numpy,0.04740142822265625,,61
1338,Homemade,0.12079095840454102,,92
1339,Numpy,0.0002651214599609375,,92
1340,Homemade,0.023316144943237305,,49
1341,Numpy,0.009610176086425781,,49
1342,Homemade,0.025969505310058594,,56
1343,Numpy,0.0005781650543212891,,56
1344,Homemade,0.003076314926147461,,27
1345,Numpy,0.00010657310485839844,,27
1346,Homemade,0.07990503311157227,,81
1347,Numpy,0.0002529621124267578,,81
1348,Homemade,0.00457453727722168,,31
1349,Numpy,9.512901306152344e-05,,31
1350,Homemade,1.5020370483398438e-05,,2
1351,Numpy,2.8371810913085938e-05,,2
1352,Homemade,0.11262106895446777,,86
1353,Numpy,0.055901288986206055,,86
1354,Homemade,0.04307913780212402,,65
1355,Numpy,0.005437135696411133,,65
1356,Homemade,0.01836705207824707,,42
1357,Numpy,0.0002009868621826172,,42
1358,Homemade,0.03900456428527832,,54
1359,Numpy,0.1004800796508789,,54
1360,Homemade,0.00033211708068847656,,12
1361,Numpy,0.03199577331542969,,12
1362,Homemade,0.042014360427856445,,66
1363,Numpy,0.00321197509765625,,66
1364,Homemade,2.4318695068359375e-05,,3
1365,Numpy,8.511543273925781e-05,,3
1366,Homemade,0.1542987823486328,,96
1367,Numpy,0.029999494552612305,,96
1368,Homemade,0.0012617111206054688,,20
1369,Numpy,0.0003459453582763672,,20
1370,Homemade,8.511543273925781e-05,,7
1371,Numpy,0.0007371902465820312,,7
1372,Homemade,0.05060219764709473,,67
1373,Numpy,0.00021958351135253906,,67
1374,Homemade,0.00968623161315918,,40
1375,Numpy,0.10342764854431152,,40
1376,Homemade,0.10220098495483398,,82
1377,Numpy,0.12186932563781738,,82
1378,Homemade,0.001516103744506836,,21
1379,Numpy,0.010478734970092773,,21
1380,Homemade,0.0285184383392334,,58
1381,Numpy,0.019868135452270508,,58
1382,Homemade,0.08833074569702148,,72
1383,Numpy,0.015656232833862305,,72
1384,Homemade,2.4318695068359375e-05,,3
1385,Numpy,5.269050598144531e-05,,3
1386,Homemade,0.001962423324584961,,23
1387,Numpy,7.486343383789062e-05,,23
1388,Homemade,0.17331933975219727,,94
1389,Numpy,0.02645087242126465,,94
1390,Homemade,0.06287813186645508,,75
1391,Numpy,0.021708965301513672,,75
1392,Homemade,0.08210444450378418,,75
1393,Numpy,0.016047000885009766,,75
1394,Homemade,0.0025000572204589844,,25
1395,Numpy,0.00012254714965820312,,25
1396,Homemade,0.011908531188964844,,43
1397,Numpy,0.0001227855682373047,,43
1398,Homemade,0.0013580322265625,,20
1399,Numpy,0.0028934478759765625,,20
1400,Homemade,1.1444091796875e-05,,2
1401,Numpy,3.24249267578125e-05,,2
1402,Homemade,8.606910705566406e-05,,7
1403,Numpy,0.0016050338745117188,,7
1404,Homemade,3.266334533691406e-05,,3
1405,Numpy,5.1975250244140625e-05,,3
1406,Homemade,0.00451970100402832,,31
1407,Numpy,0.0643305778503418,,31
1408,Homemade,0.003331899642944336,,27
1409,Numpy,0.002768993377685547,,27
1410,Homemade,0.013066768646240234,,42
1411,Numpy,0.004519224166870117,,42
1412,Homemade,0.15035176277160645,,96
1413,Numpy,0.0002932548522949219,,96
1414,Homemade,3.0994415283203125e-05,,4
1415,Numpy,4.57763671875e-05,,4
1416,Homemade,0.06908822059631348,,74
1417,Numpy,0.004872322082519531,,74
1418,Homemade,4.267692565917969e-05,,4
1419,Numpy,4.982948303222656e-05,,4
1420,Homemade,0.01947307586669922,,50
1421,Numpy,0.00014781951904296875,,50
1422,Homemade,0.04010725021362305,,61
1423,Numpy,0.0115814208984375,,61
1424,Homemade,0.02423548698425293,,54
1425,Numpy,0.00016236305236816406,,54
1426,Homemade,0.11937952041625977,,89
1427,Numpy,0.0003154277801513672,,89
1428,Homemade,0.0065441131591796875,,35
1429,Numpy,0.03164553642272949,,35
1430,Homemade,0.1397724151611328,,98
1431,Numpy,0.00035381317138671875,,98
1432,Homemade,0.09237313270568848,,77
1433,Numpy,0.033265113830566406,,77
1434,Homemade,0.11547565460205078,,85
1435,Numpy,0.02751612663269043,,85
1436,Homemade,0.004250526428222656,,30
1437,Numpy,0.010657072067260742,,30
1438,Homemade,0.02015233039855957,,48
1439,Numpy,0.008226394653320312,,48
1440,Homemade,0.002604961395263672,,25
1441,Numpy,0.00011396408081054688,,25
1442,Homemade,0.022250890731811523,,47
1443,Numpy,0.00013399124145507812,,47
1444,Homemade,0.007915496826171875,,37
1445,Numpy,9.965896606445312e-05,,37
1446,Homemade,0.010353803634643555,,32
1447,Numpy,0.0354771614074707,,32
1448,Homemade,0.13245534896850586,,89
1449,Numpy,0.0002751350402832031,,89
1450,Homemade,2.0503997802734375e-05,,3
1451,Numpy,8.344650268554688e-05,,3
1452,Homemade,0.17354512214660645,,100
1453,Numpy,0.016013622283935547,,100
1454,Homemade,0.09004950523376465,,85
1455,Numpy,0.0002665519714355469,,85
1456,Homemade,0.0007157325744628906,,16
1457,Numpy,0.0007925033569335938,,16
1458,Homemade,0.04433083534240723,,66
1459,Numpy,0.02270340919494629,,66
1460,Homemade,0.008398294448852539,,38
1461,Numpy,0.003564596176147461,,38
1462,Homemade,0.0012607574462890625,,20
1463,Numpy,7.009506225585938e-05,,20
1464,Homemade,1.7642974853515625e-05,,3
1465,Numpy,2.9802322387695312e-05,,3
1466,Homemade,0.003418445587158203,,28
1467,Numpy,8.058547973632812e-05,,28
1468,Homemade,0.1696932315826416,,87
1469,Numpy,0.002173185348510742,,87
1470,Homemade,0.0022203922271728516,,24
1471,Numpy,0.00010061264038085938,,24
1472,Homemade,0.0009763240814208984,,18
1473,Numpy,5.698204040527344e-05,,18
1474,Homemade,0.00011515617370605469,,8
1475,Numpy,3.504753112792969e-05,,8
1476,Homemade,0.09209465980529785,,79
1477,Numpy,0.028060436248779297,,79
1478,Homemade,3.218650817871094e-05,,3
1479,Numpy,8.153915405273438e-05,,3
1480,Homemade,0.06913018226623535,,63
1481,Numpy,0.036666154861450195,,63
1482,Homemade,0.14183783531188965,,87
1483,Numpy,0.11067628860473633,,87
1484,Homemade,0.14926362037658691,,92
1485,Numpy,0.0003504753112792969,,92
1486,Homemade,0.11308884620666504,,87
1487,Numpy,0.00025916099548339844,,87
1488,Homemade,0.033136844635009766,,59
1489,Numpy,0.004803180694580078,,59
1490,Homemade,0.12113618850708008,,91
1491,Numpy,0.001981019973754883,,91
1492,Homemade,0.0008955001831054688,,17
1493,Numpy,9.1552734375e-05,,17
1494,Homemade,0.11204409599304199,,90
1495,Numpy,0.0002760887145996094,,90
1496,Homemade,6.365776062011719e-05,,6
1497,Numpy,6.604194641113281e-05,,6
1498,Homemade,0.08146119117736816,,77
1499,Numpy,0.0003116130828857422,,77
1500,Homemade,0.08601641654968262,,75
1501,Numpy,0.03815197944641113,,75
1502,Homemade,0.04140830039978027,,55
1503,Numpy,0.03183937072753906,,55
1504,Homemade,0.14263463020324707,,95
1505,Numpy,0.02515411376953125,,95
1506,Homemade,0.004798412322998047,,32
1507,Numpy,0.04242134094238281,,32
1508,Homemade,0.0004973411560058594,,15
1509,Numpy,0.0003879070281982422,,15
1510,Homemade,0.0001304149627685547,,8
1511,Numpy,0.0001010894775390625,,8
1512,Homemade,0.14632940292358398,,94
1513,Numpy,0.0002758502960205078,,94
1514,Homemade,0.01742076873779297,,49
1515,Numpy,0.0001323223114013672,,49
1516,Homemade,0.17961478233337402,,92
1517,Numpy,0.0003597736358642578,,92
1518,Homemade,0.008433103561401367,,38
1519,Numpy,0.00012230873107910156,,38
1520,Homemade,0.0051419734954833984,,32
1521,Numpy,9.059906005859375e-05,,32
1522,Homemade,0.1660761833190918,,99
1523,Numpy,0.13895106315612793,,99
1524,Homemade,0.059075355529785156,,74
1525,Numpy,0.0024907588958740234,,74
1526,Homemade,0.011085033416748047,,42
1527,Numpy,0.00013518333435058594,,42
1528,Homemade,0.005513906478881836,,33
1529,Numpy,9.965896606445312e-05,,33
1530,Homemade,0.0007047653198242188,,16
1531,Numpy,5.602836608886719e-05,,16
1532,Homemade,0.10854935646057129,,82
1533,Numpy,0.0010552406311035156,,82
1534,Homemade,7.82012939453125e-05,,6
1535,Numpy,0.00017642974853515625,,6
1536,Homemade,0.0066683292388916016,,26
1537,Numpy,0.0035636425018310547,,26
1538,Homemade,0.0007512569427490234,,16
1539,Numpy,0.003217458724975586,,16
1540,Homemade,0.002810955047607422,,26
1541,Numpy,0.008322715759277344,,26
1542,Homemade,1.621246337890625e-05,,2
1543,Numpy,4.649162292480469e-05,,2
1544,Homemade,0.07070088386535645,,64
1545,Numpy,0.026677370071411133,,64
1546,Homemade,0.00040912628173828125,,13
1547,Numpy,0.00017142295837402344,,13
1548,Homemade,0.00011420249938964844,,8
1549,Numpy,4.1484832763671875e-05,,8
1550,Homemade,5.841255187988281e-05,,6
1551,Numpy,3.1948089599609375e-05,,6
1552,Homemade,0.17216038703918457,,87
1553,Numpy,0.022694110870361328,,87
1554,Homemade,5.125999450683594e-05,,5
1555,Numpy,6.008148193359375e-05,,5
1556,Homemade,0.00010061264038085938,,7
1557,Numpy,0.004333972930908203,,7
1558,Homemade,0.00018453598022460938,,9
1559,Numpy,0.016199827194213867,,9
1560,Homemade,0.00016355514526367188,,9
1561,Numpy,0.00016355514526367188,,9
1562,Homemade,0.040293216705322266,,56
1563,Numpy,0.02981281280517578,,56
1564,Homemade,0.01144099235534668,,42
1565,Numpy,0.00704193115234375,,42
1566,Homemade,0.15170741081237793,,100
1567,Numpy,0.0002875328063964844,,100
1568,Homemade,0.011092185974121094,,42
1569,Numpy,0.0054624080657958984,,42
1570,Homemade,0.12304329872131348,,83
1571,Numpy,0.006718635559082031,,83
1572,Homemade,0.15056753158569336,,99
1573,Numpy,0.01109623908996582,,99
1574,Homemade,0.0031282901763916016,,27
1575,Numpy,0.0346376895904541,,27
1576,Homemade,0.13184881210327148,,86
1577,Numpy,0.0002815723419189453,,86
1578,Homemade,0.0012133121490478516,,19
1579,Numpy,0.046984195709228516,,19
1580,Homemade,0.0035390853881835938,,15
1581,Numpy,0.014968395233154297,,15
1582,Homemade,0.04556775093078613,,62
1583,Numpy,0.0065004825592041016,,62
1584,Homemade,0.0003333091735839844,,12
1585,Numpy,0.010677337646484375,,12
1586,Homemade,0.0359954833984375,,62
1587,Numpy,0.0002033710479736328,,62
1588,Homemade,0.011502504348754883,,44
1589,Numpy,0.04912972450256348,,44
1590,Homemade,0.01031041145324707,,41
1591,Numpy,0.0001442432403564453,,41
1592,Homemade,0.012892484664916992,,44
1593,Numpy,0.00012063980102539062,,44
1594,Homemade,0.001953125,,23
1595,Numpy,0.0020058155059814453,,23
1596,Homemade,0.14878630638122559,,95
1597,Numpy,0.0059986114501953125,,95
1598,Homemade,0.0564579963684082,,70
1599,Numpy,0.003593921661376953,,70
1600,Homemade,0.02637958526611328,,54
1601,Numpy,0.00019288063049316406,,54
1602,Homemade,3.0040740966796875e-05,,4
1603,Numpy,3.337860107421875e-05,,4
1604,Homemade,0.06071877479553223,,73
1605,Numpy,0.029856443405151367,,73
1606,Homemade,0.1013636589050293,,87
1607,Numpy,0.00026535987854003906,,87
1608,Homemade,0.11430096626281738,,91
1609,Numpy,0.022729158401489258,,91
1610,Homemade,0.01944422721862793,,50
1611,Numpy,0.005176544189453125,,50
1612,Homemade,0.0956578254699707,,71
1613,Numpy,0.0019669532775878906,,71
1614,Homemade,0.015744447708129883,,47
1615,Numpy,0.0001385211944580078,,47
1616,Homemade,0.164780855178833,,98
1617,Numpy,0.0003402233123779297,,98
1618,Homemade,0.023372173309326172,,54
1619,Numpy,0.0008218288421630859,,54
1620,Homemade,0.0020797252655029297,,23
1621,Numpy,0.062464237213134766,,23
1622,Homemade,0.0029973983764648438,,27
1623,Numpy,0.00010728836059570312,,27
1624,Homemade,0.048209190368652344,,68
1625,Numpy,0.008875846862792969,,68
1626,Homemade,7.2479248046875e-05,,6
1627,Numpy,6.318092346191406e-05,,6
1628,Homemade,0.007280588150024414,,36
1629,Numpy,0.00015687942504882812,,36
1630,Homemade,0.05037212371826172,,69
1631,Numpy,0.01921701431274414,,69
1632,Homemade,0.0003440380096435547,,12
1633,Numpy,8.606910705566406e-05,,12
1634,Homemade,0.0004990100860595703,,14
1635,Numpy,5.626678466796875e-05,,14
1636,Homemade,0.0028018951416015625,,26
1637,Numpy,7.987022399902344e-05,,26
1638,Homemade,0.003598928451538086,,28
1639,Numpy,8.296966552734375e-05,,28
1640,Homemade,5.841255187988281e-05,,6
1641,Numpy,3.218650817871094e-05,,6
1642,Homemade,0.00019860267639160156,,10
1643,Numpy,4.363059997558594e-05,,10
1644,Homemade,0.036339759826660156,,62
1645,Numpy,0.009814262390136719,,62
1646,Homemade,0.10304832458496094,,79
1647,Numpy,0.02776336669921875,,79
1648,Homemade,2.6226043701171875e-05,,3
1649,Numpy,7.843971252441406e-05,,3
1650,Homemade,0.0217435359954834,,50
1651,Numpy,0.08081746101379395,,50
1652,Homemade,0.012108325958251953,,43
1653,Numpy,0.020821332931518555,,43
1654,Homemade,0.0003306865692138672,,12
1655,Numpy,0.021763324737548828,,12
1656,Homemade,0.04750657081604004,,67
1657,Numpy,0.06120944023132324,,67
1658,Homemade,0.0007152557373046875,,16
1659,Numpy,0.0001049041748046875,,16
1660,Homemade,0.00015497207641601562,,9
1661,Numpy,4.863739013671875e-05,,9
1662,Homemade,0.0828242301940918,,80
1663,Numpy,0.028496980667114258,,80
1664,Homemade,0.06557059288024902,,68
1665,Numpy,0.038143157958984375,,68
1666,Homemade,0.1177206039428711,,92
1667,Numpy,0.0031576156616210938,,92
1668,Homemade,0.052681922912597656,,62
1669,Numpy,0.0002086162567138672,,62
1670,Homemade,0.13589978218078613,,93
1671,Numpy,0.0063436031341552734,,93
1672,Homemade,0.16978716850280762,,97
1673,Numpy,0.027680635452270508,,97
1674,Homemade,0.05299544334411621,,67
1675,Numpy,0.0278470516204834,,67
1676,Homemade,0.006097316741943359,,34
1677,Numpy,0.00011920928955078125,,34
1678,Homemade,0.10326313972473145,,81
1679,Numpy,0.008102655410766602,,81
1680,Homemade,0.17996788024902344,,95
1681,Numpy,0.020164966583251953,,95
1682,Homemade,0.0022110939025878906,,24
1683,Numpy,0.00010800361633300781,,24
1684,Homemade,0.06787109375,,77
1685,Numpy,0.010819673538208008,,77
1686,Homemade,0.036527156829833984,,63
1687,Numpy,0.0010378360748291016,,63
1688,Homemade,0.0170900821685791,,47
1689,Numpy,0.01907968521118164,,47
1690,Homemade,0.019975662231445312,,51
1691,Numpy,0.00018072128295898438,,51
1692,Homemade,0.007681369781494141,,37
1693,Numpy,0.00012755393981933594,,37
1694,Homemade,0.0013613700866699219,,20
1695,Numpy,7.748603820800781e-05,,20
1696,Homemade,0.01985335350036621,,49
1697,Numpy,0.0010654926300048828,,49
1698,Homemade,0.051085710525512695,,53
1699,Numpy,0.00019240379333496094,,53
1700,Homemade,0.01562976837158203,,47
1701,Numpy,0.00012922286987304688,,47
1702,Homemade,1.1682510375976562e-05,,2
1703,Numpy,3.0040740966796875e-05,,2
1704,Homemade,0.05551767349243164,,63
1705,Numpy,0.0006711483001708984,,63
1706,Homemade,9.298324584960938e-05,,7
1707,Numpy,4.57763671875e-05,,7
1708,Homemade,0.18575572967529297,,94
1709,Numpy,0.011912107467651367,,94
1710,Homemade,0.0005154609680175781,,14
1711,Numpy,7.700920104980469e-05,,14
1712,Homemade,0.0003368854522705078,,12
1713,Numpy,5.173683166503906e-05,,12
1714,Homemade,0.00033855438232421875,,12
1715,Numpy,4.1484832763671875e-05,,12
1716,Homemade,0.015759706497192383,,47
1717,Numpy,0.0025510787963867188,,47
1718,Homemade,0.01171875,,40
1719,Numpy,0.00043201446533203125,,40
1720,Homemade,1.9788742065429688e-05,,3
1721,Numpy,3.337860107421875e-05,,3
1722,Homemade,0.1545720100402832,,98
1723,Numpy,0.00028443336486816406,,98
1724,Homemade,0.023221254348754883,,54
1725,Numpy,0.00017642974853515625,,54
1726,Homemade,0.008861541748046875,,38
1727,Numpy,0.0019383430480957031,,38
1728,Homemade,0.010485649108886719,,45
1729,Numpy,0.01021432876586914,,45
1730,Homemade,0.014713287353515625,,46
1731,Numpy,0.00014162063598632812,,46
1732,Homemade,0.043654680252075195,,65
1733,Numpy,0.03505516052246094,,65
1734,Homemade,0.015620946884155273,,47
1735,Numpy,0.0001518726348876953,,47
1736,Homemade,0.1064612865447998,,89
1737,Numpy,0.0012905597686767578,,89
1738,Homemade,0.016882658004760742,,48
1739,Numpy,0.0006649494171142578,,48
1740,Homemade,0.06608104705810547,,74
1741,Numpy,0.001102447509765625,,74
1742,Homemade,0.0002627372741699219,,12
1743,Numpy,0.0267336368560791,,12
1744,Homemade,0.006810665130615234,,34
1745,Numpy,0.000156402587890625,,34
1746,Homemade,0.00015687942504882812,,9
1747,Numpy,5.459785461425781e-05,,9
1748,Homemade,0.002749204635620117,,24
1749,Numpy,7.486343383789062e-05,,24
1750,Homemade,0.0015156269073486328,,21
1751,Numpy,6.747245788574219e-05,,21
1752,Homemade,0.144683837890625,,89
1753,Numpy,0.04254722595214844,,89
1754,Homemade,0.15779328346252441,,96
1755,Numpy,0.05032753944396973,,96
1756,Homemade,0.04930377006530762,,69
1757,Numpy,0.04681849479675293,,69
1758,Homemade,0.18465638160705566,,98
1759,Numpy,0.024753332138061523,,98
1760,Homemade,0.04978299140930176,,69
1761,Numpy,0.033553361892700195,,69
1762,Homemade,0.0022335052490234375,,24
1763,Numpy,0.007954597473144531,,24
1764,Homemade,0.09284305572509766,,86
1765,Numpy,0.004128932952880859,,86
1766,Homemade,3.314018249511719e-05,,4
1767,Numpy,5.054473876953125e-05,,4
1768,Homemade,1.1444091796875e-05,,2
1769,Numpy,2.7894973754882812e-05,,2
1770,Homemade,0.00015544891357421875,,9
1771,Numpy,4.506111145019531e-05,,9
1772,Homemade,0.06514406204223633,,70
1773,Numpy,0.00025653839111328125,,70
1774,Homemade,0.04325127601623535,,66
1775,Numpy,0.0010783672332763672,,66
1776,Homemade,0.03379249572753906,,57
1777,Numpy,0.00019812583923339844,,57
1778,Homemade,0.00016236305236816406,,9
1779,Numpy,5.078315734863281e-05,,9
1780,Homemade,0.08993721008300781,,84
1781,Numpy,0.02826213836669922,,84
1782,Homemade,0.08869314193725586,,82
1783,Numpy,0.0002541542053222656,,82
1784,Homemade,0.0062601566314697266,,34
1785,Numpy,0.00010728836059570312,,34
1786,Homemade,0.001020669937133789,,18
1787,Numpy,6.270408630371094e-05,,18
1788,Homemade,0.09635758399963379,,73
1789,Numpy,0.013655662536621094,,73
1790,Homemade,0.07533860206604004,,78
1791,Numpy,0.019864320755004883,,78
1792,Homemade,0.04946637153625488,,55
1793,Numpy,0.025879859924316406,,55
1794,Homemade,0.04779529571533203,,66
1795,Numpy,0.0025968551635742188,,66
1796,Homemade,0.12406468391418457,,88
1797,Numpy,0.0009984970092773438,,88
1798,Homemade,0.13559889793395996,,96
1799,Numpy,0.0002741813659667969,,96
1800,Homemade,0.0002613067626953125,,11
1801,Numpy,0.0002090930938720703,,11
1802,Homemade,0.019449234008789062,,50
1803,Numpy,0.002572774887084961,,50
1804,Homemade,0.14451909065246582,,96
1805,Numpy,0.053096771240234375,,96
1806,Homemade,0.009307861328125,,39
1807,Numpy,0.00013208389282226562,,39
1808,Homemade,0.0201566219329834,,51
1809,Numpy,0.00013899803161621094,,51
1810,Homemade,0.03597569465637207,,59
1811,Numpy,0.015630722045898438,,59
1812,Homemade,0.16421723365783691,,97
1813,Numpy,0.04012870788574219,,97
1814,Homemade,0.045517921447753906,,66
1815,Numpy,0.024813413619995117,,66
1816,Homemade,0.10249781608581543,,78
1817,Numpy,0.027829647064208984,,78
1818,Homemade,0.04624652862548828,,65
1819,Numpy,0.056288957595825195,,65
1820,Homemade,0.024937152862548828,,55
1821,Numpy,0.026139497756958008,,55
1822,Homemade,0.11681532859802246,,80
1823,Numpy,0.0002865791320800781,,80
1824,Homemade,0.031188011169433594,,59
1825,Numpy,0.00019240379333496094,,59
1826,Homemade,0.01656508445739746,,45
1827,Numpy,0.049608707427978516,,45
1828,Homemade,4.553794860839844e-05,,5
1829,Numpy,5.340576171875e-05,,5
1830,Homemade,0.0013196468353271484,,20
1831,Numpy,8.0108642578125e-05,,20
1832,Homemade,0.04296994209289551,,57
1833,Numpy,0.002945423126220703,,57
1834,Homemade,0.07391214370727539,,78
1835,Numpy,0.05321955680847168,,78
1836,Homemade,0.0007367134094238281,,16
1837,Numpy,8.20159912109375e-05,,16
1838,Homemade,0.0004177093505859375,,13
1839,Numpy,5.364418029785156e-05,,13
1840,Homemade,0.01708078384399414,,47
1841,Numpy,0.00022149085998535156,,47
1842,Homemade,0.0002014636993408203,,10
1843,Numpy,5.14984130859375e-05,,10
1844,Homemade,0.00032329559326171875,,12
1845,Numpy,5.507469177246094e-05,,12
1846,Homemade,0.10249948501586914,,88
1847,Numpy,0.0025196075439453125,,88
1848,Homemade,0.009976863861083984,,40
1849,Numpy,0.016097545623779297,,40
1850,Homemade,0.041124820709228516,,65
1851,Numpy,0.00019884109497070312,,65
1852,Homemade,0.008271932601928711,,30
1853,Numpy,0.0025637149810791016,,30
1854,Homemade,0.018384933471679688,,45
1855,Numpy,0.0006768703460693359,,45
1856,Homemade,0.027536630630493164,,55
1857,Numpy,0.00019669532775878906,,55
1858,Homemade,0.0031392574310302734,,27
1859,Numpy,9.822845458984375e-05,,27
1860,Homemade,0.15452837944030762,,97
1861,Numpy,0.024466753005981445,,97
1862,Homemade,0.002221345901489258,,24
1863,Numpy,9.918212890625e-05,,24
1864,Homemade,0.019367218017578125,,46
1865,Numpy,0.0008485317230224609,,46
1866,Homemade,0.0688619613647461,,73
1867,Numpy,0.0002453327178955078,,73
1868,Homemade,0.03336739540100098,,58
1869,Numpy,0.04755449295043945,,58
1870,Homemade,0.007417201995849609,,37
1871,Numpy,0.00096893310546875,,37
1872,Homemade,0.020381927490234375,,51
1873,Numpy,0.060842275619506836,,51
1874,Homemade,0.0059773921966552734,,34
1875,Numpy,0.00012803077697753906,,34
1876,Homemade,0.0780029296875,,74
1877,Numpy,0.0002703666687011719,,74
1878,Homemade,2.7894973754882812e-05,,3
1879,Numpy,3.314018249511719e-05,,3
1880,Homemade,0.07560133934020996,,76
1881,Numpy,0.006528615951538086,,76
1882,Homemade,0.0017282962799072266,,22
1883,Numpy,8.630752563476562e-05,,22
1884,Homemade,0.014483451843261719,,46
1885,Numpy,0.0001163482666015625,,46
1886,Homemade,0.13848280906677246,,89
1887,Numpy,0.04083561897277832,,89
1888,Homemade,0.06399130821228027,,70
1889,Numpy,0.018569469451904297,,70
1890,Homemade,0.020673751831054688,,52
1891,Numpy,0.0001609325408935547,,52
1892,Homemade,0.0654137134552002,,63
1893,Numpy,0.00991058349609375,,63
1894,Homemade,0.021016836166381836,,52
1895,Numpy,0.0011320114135742188,,52
1896,Homemade,0.0013356208801269531,,20
1897,Numpy,0.0082244873046875,,20
1898,Homemade,0.0001342296600341797,,8
1899,Numpy,8.058547973632812e-05,,8
1900,Homemade,0.038048505783081055,,56
1901,Numpy,0.000202178955078125,,56
1902,Homemade,0.0003409385681152344,,12
1903,Numpy,5.4836273193359375e-05,,12
1904,Homemade,0.013178586959838867,,44
1905,Numpy,0.009530305862426758,,44
1906,Homemade,0.0002484321594238281,,10
1907,Numpy,0.0011556148529052734,,10
1908,Homemade,0.04584240913391113,,62
1909,Numpy,0.0002040863037109375,,62
1910,Homemade,0.0017850399017333984,,22
1911,Numpy,7.963180541992188e-05,,22
1912,Homemade,0.008007526397705078,,37
1913,Numpy,0.00011610984802246094,,37
1914,Homemade,0.02212834358215332,,51
1915,Numpy,0.0009310245513916016,,51
1916,Homemade,0.0004975795745849609,,14
1917,Numpy,0.0001800060272216797,,14
1918,Homemade,0.03815293312072754,,58
1919,Numpy,0.0026624202728271484,,58
1920,Homemade,0.0347902774810791,,61
1921,Numpy,0.0009698867797851562,,61
1922,Homemade,0.09268474578857422,,71
1923,Numpy,0.16550445556640625,,71
1924,Homemade,0.00820469856262207,,32
1925,Numpy,0.053585052490234375,,32
1926,Homemade,0.012295007705688477,,44
1927,Numpy,0.00014781951904296875,,44
1928,Homemade,0.06778550148010254,,77
1929,Numpy,0.008863449096679688,,77
1930,Homemade,0.10960507392883301,,84
1931,Numpy,0.0002541542053222656,,84
1932,Homemade,0.0007319450378417969,,16
1933,Numpy,6.794929504394531e-05,,16
1934,Homemade,0.001781463623046875,,22
1935,Numpy,6.532669067382812e-05,,22
1936,Homemade,0.14824533462524414,,96
1937,Numpy,0.011061429977416992,,96
1938,Homemade,0.07281160354614258,,74
1939,Numpy,0.017365217208862305,,74
1940,Homemade,0.10632991790771484,,79
1941,Numpy,0.00029349327087402344,,79
1942,Homemade,0.0008728504180908203,,17
1943,Numpy,7.2479248046875e-05,,17
1944,Homemade,0.01929020881652832,,50
1945,Numpy,0.00014328956604003906,,50
1946,Homemade,0.07093358039855957,,78
1947,Numpy,0.0002567768096923828,,78
1948,Homemade,0.01147007942199707,,42
1949,Numpy,0.00012540817260742188,,42
1950,Homemade,0.039498329162597656,,63
1951,Numpy,0.022638320922851562,,63
1952,Homemade,6.556510925292969e-05,,6
1953,Numpy,8.082389831542969e-05,,6
1954,Homemade,0.0021905899047851562,,24
1955,Numpy,8.130073547363281e-05,,24
1956,Homemade,0.01978278160095215,,50
1957,Numpy,0.0026273727416992188,,50
1958,Homemade,0.07745885848999023,,72
1959,Numpy,0.0002474784851074219,,72
1960,Homemade,0.026909828186035156,,55
1961,Numpy,0.02068948745727539,,55
1962,Homemade,0.13081097602844238,,92
1963,Numpy,0.0002722740173339844,,92
1964,Homemade,0.1450333595275879,,95
1965,Numpy,0.008281230926513672,,95
1966,Homemade,0.0005998611450195312,,15
1967,Numpy,0.00010371208190917969,,15
1968,Homemade,0.16930222511291504,,90
1969,Numpy,0.05981636047363281,,90
